target,n_train,n_val,rmse,mae,r2,kendall_tau,kendall_tau_pvalue
HLM CLint,2990,750,0.44548837443608214,0.33711242413868014,0.46564472713001814,0.5007411214198139,3.1194368213947147e-93
