target,n_train,n_val,rmse,mae,r2,kendall_tau,kendall_tau_pvalue
MLM CLint,2992,748,0.4466392494613711,0.3273629550986796,0.6187257551511813,0.5906729724412796,4.5764357489006864e-129
