target,n_train,n_val,rmse,mae,r2,kendall_tau,kendall_tau_pvalue
MLM CLint,2994,746,0.4804148192452241,0.35938820043564623,0.5753009382322294,0.5375148499630272,6.319647270282793e-107
