target,n_train,n_val,rmse,mae,r2,kendall_tau,kendall_tau_pvalue
HLM CLint,2991,749,0.43340136525232875,0.32992920704937545,0.5525771834321832,0.567217663170885,4.815253131307678e-119
