target,n_train,n_val,rmse,mae,r2,kendall_tau,kendall_tau_pvalue
MLM CLint,2990,750,0.49451950956030916,0.3717680018900934,0.5509187733814457,0.5379157386521799,1.1671052754606067e-107
