target,n_train,n_val,rmse,mae,r2,kendall_tau,kendall_tau_pvalue
MLM CLint,2992,748,0.4413354389651233,0.3190563448729241,0.6348171744247325,0.5886477076387938,3.5734991055001056e-128
