target,n_train,n_val,rmse,mae,r2,kendall_tau,kendall_tau_pvalue
HLM CLint,2992,748,0.428114282270499,0.3068811043077388,0.5530151579875991,0.5788378463207589,1.0542929892122548e-123
