target,n_train,n_val,rmse,mae,r2,kendall_tau,kendall_tau_pvalue
MLM CLint,2991,749,0.45943112870703967,0.34904231775899086,0.5347550813430406,0.46854178254517165,4.96231650551986e-82
