target,n_train,n_val,rmse,mae,r2,kendall_tau,kendall_tau_pvalue
HLM CLint,2992,748,0.4096323269234152,0.29912725146030533,0.5487337843795329,0.5728707427456935,3.5657952136016453e-121
