target,n_train,n_val,rmse,mae,r2,kendall_tau,kendall_tau_pvalue
MLM CLint,2993,747,0.5003038040491051,0.3651716721860205,0.5441158811033812,0.5349852483373131,4.504578877423791e-106
