target,rmse,mae,r2,kendall_tau,kendall_tau_pvalue
HLM CLint,0.47660547150971105,0.37623576401070097,0.0005089742663573205,0.3582026634206375,5.014006124063892e-35
MLM CLint,0.5537532282380507,0.4373517721831556,-0.2988591483266292,0.2552035581154475,1.29847914789499e-18
