target,n_train,n_val,rmse,mae,r2,kendall_tau,kendall_tau_pvalue
MLM CLint,2968,772,0.4863950539206485,0.36564149410419433,0.6725089354735438,0.6218577926202555,3.2218264899987225e-147
