target,n_train,n_val,rmse,mae,r2,kendall_tau,kendall_tau_pvalue
HLM CLint,2991,749,0.44401058534502974,0.3262709629371522,0.5017055016405128,0.5468273572860011,1.1153593514276465e-110
