target,rmse,mae,r2,kendall_tau,kendall_tau_pvalue
HLM CLint,0.474378352939536,0.37343298401135827,0.009828146118915582,0.3607593872836079,1.6704403992077243e-35
MLM CLint,0.5619874062813358,0.4447562870465621,-0.3377737884787677,0.24556551386922956,2.3853468721855612e-17
