target,n_train,n_val,rmse,mae,r2,kendall_tau,kendall_tau_pvalue
HLM CLint,2992,748,0.42224881118859253,0.31465445747104703,0.5525499146060959,0.5776427923973095,3.53449061463642e-123
