target,n_train,n_val,rmse,mae,r2,kendall_tau,kendall_tau_pvalue
HLM CLint,2992,748,0.41039325981800895,0.3019609320462436,0.5626096991334235,0.5735807295591482,1.8118599768467572e-121
