target,n_train,n_val,rmse,mae,r2,kendall_tau,kendall_tau_pvalue
MLM CLint,2992,748,0.45460879804299315,0.3406361822101384,0.5171069038961155,0.5326862731925402,2.4672757078151e-105
