target,n_train,n_val,rmse,mae,r2,kendall_tau,kendall_tau_pvalue
MLM CLint,2993,747,0.4543993173750575,0.33003271363114667,0.6204160960648704,0.5583488523253172,2.3032424872592957e-115
