target,n_train,n_val,rmse,mae,r2,kendall_tau,kendall_tau_pvalue
HLM CLint,2991,749,0.4572223685425914,0.33577010383294426,0.4818366148341098,0.5297804511602744,4.052568556497977e-104
