target,n_train,n_val,rmse,mae,r2,kendall_tau,kendall_tau_pvalue
MLM CLint,2995,745,0.48153362676123057,0.3637626411923078,0.5997244905209504,0.5450299537630683,1.0054556441318889e-109
