target,rmse,mae,r2,kendall_tau,kendall_tau_pvalue
HLM CLint,0.47606647389605944,0.37610745209431373,0.00276836357810184,0.36864144206558297,5.371682507397487e-37
MLM CLint,0.5591994207614966,0.4423383331809327,-0.3245334826765325,0.24653919623085335,1.7864795672751656e-17
