target,n_train,n_val,rmse,mae,r2,kendall_tau,kendall_tau_pvalue
MLM CLint,2991,749,0.5240428002633944,0.3833792656944051,0.475233400108413,0.4730072388610719,1.479320724799686e-83
