target,mae,mae_low_ci,mae_high_ci,rmse,rmse_low_ci,rmse_high_ci,r2,r2_low_ci,r2_high_ci,kendall_tau,kendall_tau_low_ci,kendall_tau_high_ci,kendall_tau_pvalue
HLM CLint,0.3750987632536351,0.3524634764539044,0.4019300358585075,0.47549133429701307,0.4475144696559762,0.506991875620353,0.005176434641388283,-0.13980775403927345,0.13418017868338622,0.36571745400130196,0.3073881665503522,0.4136737469308559,1.9390074941596016e-36
MLM CLint,0.4436884539634567,0.41397947637564436,0.4726678576618216,0.5617297450692648,0.5293259810628534,0.5992386161296988,-0.3365473787966322,-0.584657636768404,-0.0914858974468592,0.24890990111132863,0.19492946341887782,0.2959140798507613,8.79587179069901e-18
