target,n_train,n_val,rmse,mae,r2,kendall_tau,kendall_tau_pvalue
MLM CLint,2992,748,0.47922364585508886,0.36665489781497984,0.43295594531591663,0.45912226625568775,9.42715618441014e-79
