target,n_train,n_val,rmse,mae,r2,kendall_tau,kendall_tau_pvalue
MLM CLint,2992,748,0.4783959712640537,0.3401219730901538,0.5745970627061543,0.5796733654712882,2.1878528635099004e-124
