target,n_train,n_val,rmse,mae,r2,kendall_tau,kendall_tau_pvalue
HLM CLint,2993,747,0.48394497020443894,0.36240667263995885,0.4551603278155232,0.4972735234576774,1.4409871746108994e-91
