target,n_train,n_val,rmse,mae,r2,kendall_tau,kendall_tau_pvalue
MLM CLint,2992,748,0.4439209911560535,0.3112533064411128,0.6105885422815647,0.5918165887072155,1.5365858251286337e-129
