target,n_train,n_val,rmse,mae,r2,kendall_tau,kendall_tau_pvalue
HLM CLint,2993,747,0.4584540507370856,0.34238791705166816,0.47225632155264674,0.5194712787365213,6.726989818061301e-100
