target,n_train,n_val,rmse,mae,r2,kendall_tau,kendall_tau_pvalue
MLM CLint,2991,749,0.4612483892368933,0.3438765209339661,0.5466015704983171,0.5307329104751968,9.918350646137448e-105
