target,n_train,n_val,rmse,mae,r2,kendall_tau,kendall_tau_pvalue
HLM CLint,2992,748,0.4208354246535994,0.3194387527735624,0.513479006181555,0.5340057526321657,1.3113684195386742e-105
