target,n_train,n_val,rmse,mae,r2,kendall_tau,kendall_tau_pvalue
HLM CLint,2993,747,0.4669236423316759,0.35199544937641036,0.47357552041408923,0.5111498132040772,1.6857761424729201e-96
