target,n_train,n_val,rmse,mae,r2,kendall_tau,kendall_tau_pvalue
MLM CLint,2999,741,0.4639543115771933,0.34678561817343473,0.5438445733371775,0.5121919639189134,1.2670722927915386e-96
