target,n_train,n_val,rmse,mae,r2,kendall_tau,kendall_tau_pvalue
MLM CLint,2996,744,0.44336316603097126,0.3291020640478935,0.5143536743060024,0.5106330626667127,1.87009416037131e-96
