target,n_train,n_val,rmse,mae,r2,kendall_tau,kendall_tau_pvalue
HLM CLint,2994,746,0.46121654552747343,0.3372824628315345,0.49150582200721427,0.5411636900284265,4.577297775527372e-108
