target,n_train,n_val,rmse,mae,r2,kendall_tau,kendall_tau_pvalue
MLM CLint,2994,746,0.49543722191310674,0.36850289752877663,0.5672641758125957,0.536282910529332,1.9339673507560072e-106
