target,n_train,n_val,rmse,mae,r2,kendall_tau,kendall_tau_pvalue
MLM CLint,2992,748,0.43277440841575304,0.3177838236006971,0.6461320876743102,0.6230329916915266,2.2316069457756675e-143
