target,n_train,n_val,rmse,mae,r2,kendall_tau,kendall_tau_pvalue
MLM CLint,2990,750,0.46023645684576114,0.32976924798557283,0.5637423068346326,0.5149364796186157,8.591241205427754e-99
