target,rmse,mae,r2,kendall_tau,kendall_tau_pvalue
HLM CLint,0.47502633798678157,0.3743684756554924,0.007121214974297518,0.3617905521565186,1.0699374278330853e-35
MLM CLint,0.561615714378898,0.4438733218221748,-0.3360047977695195,0.25097015654317023,4.726348998839107e-18
