target,n_train,n_val,rmse,mae,r2,kendall_tau,kendall_tau_pvalue
HLM CLint,2993,747,0.4298076151705714,0.32971172141440275,0.552528963130715,0.5646780600530596,1.1414109683063587e-117
