target,n_train,n_val,rmse,mae,r2,kendall_tau,kendall_tau_pvalue
HLM CLint,2992,748,0.3903599697726717,0.28565424944131795,0.5858503367900756,0.5986215702099444,3.5340893579352983e-132
