target,n_train,n_val,rmse,mae,r2,kendall_tau,kendall_tau_pvalue
MLM CLint,2993,747,0.45465077090659206,0.3428616347376999,0.47918760265181604,0.49385924465009834,1.0528785393945773e-90
