target,n_train,n_val,rmse,mae,r2,kendall_tau,kendall_tau_pvalue
HLM CLint,2990,750,0.46707792006364685,0.35276686278808755,0.534418822838683,0.5591452703140171,8.940789079879508e-116
