target,n_train,n_val,rmse,mae,r2,kendall_tau,kendall_tau_pvalue
MLM CLint,2993,747,0.48343450418941614,0.36114040467058756,0.5550599917996836,0.5362301620079314,1.617732284737708e-106
