target,n_train,n_val,rmse,mae,r2,kendall_tau,kendall_tau_pvalue
HLM CLint,2991,749,0.46152679030766447,0.3445182850905885,0.45915859398759307,0.5215419742726131,6.684116158094272e-101
