target,n_train,n_val,rmse,mae,r2,kendall_tau,kendall_tau_pvalue
MLM CLint,2993,747,0.49203086963070697,0.3582665018528734,0.5453274040093197,0.5221068888324408,4.0506872487717963e-101
