target,n_train,n_val,rmse,mae,r2,kendall_tau,kendall_tau_pvalue
HLM CLint,2982,758,0.4563882694340344,0.34505304466738157,0.4812384972924093,0.5087928003417449,2.8077327883098515e-97
