target,n_train,n_val,rmse,mae,r2,kendall_tau,kendall_tau_pvalue
HLM CLint,2994,746,0.4343439448259077,0.34015594240971725,0.4900619857859819,0.509865434590813,3.792509061034657e-96
