target,n_train,n_val,rmse,mae,r2,kendall_tau,kendall_tau_pvalue
HLM CLint,2993,747,0.4350745078114307,0.33140709173711,0.4730030557641898,0.5135180583106085,1.3049334374695695e-97
