target,n_train,n_val,rmse,mae,r2,kendall_tau,kendall_tau_pvalue
MLM CLint,2991,749,0.479851331742058,0.3669441936073287,0.5353863829756391,0.5147784798236321,1.2706881110623239e-98
