target,n_train,n_val,rmse,mae,r2,kendall_tau,kendall_tau_pvalue
HLM CLint,2992,748,0.44443651824238295,0.3357655504553137,0.5087408806635896,0.5337602227132466,3.4802433650335616e-105
