target,n_train,n_val,rmse,mae,r2,kendall_tau,kendall_tau_pvalue
MLM CLint,2991,749,0.49784015265417436,0.36220894976696116,0.45891136528058596,0.4964867181944726,6.862057839802992e-92
