target,n_train,n_val,rmse,mae,r2,kendall_tau,kendall_tau_pvalue
HLM CLint,2993,747,0.44316308022959233,0.33651510254962047,0.4552834325527956,0.4992366446848298,2.3271107842338165e-92
