target,n_train,n_val,rmse,mae,r2,kendall_tau,kendall_tau_pvalue
MLM CLint,2991,749,0.5224290979238064,0.3819182319445606,0.46946849947425895,0.5111733601380299,2.793511312555292e-97
