target,n_train,n_val,rmse,mae,r2,kendall_tau,kendall_tau_pvalue
HLM CLint,2992,748,0.40680484058646404,0.30295162189979813,0.5729722200864306,0.5834636786170239,1.182425034423663e-125
