target,n_train,n_val,rmse,mae,r2,kendall_tau,kendall_tau_pvalue
MLM CLint,2991,749,0.4620810578245991,0.3386583325633365,0.5123073750915242,0.5147970109467523,1.209796391818413e-98
