target,n_train,n_val,rmse,mae,r2,kendall_tau,kendall_tau_pvalue
MLM CLint,2992,748,0.45396606600413414,0.3285050857189333,0.6073043561561775,0.5824601163472349,1.4437938535168847e-125
