target,n_train,n_val,rmse,mae,r2,kendall_tau,kendall_tau_pvalue
MLM CLint,2992,748,0.4389208399837998,0.3287545574940163,0.6554671242336556,0.5856622853164656,6.953728280122589e-127
