target,n_train,n_val,rmse,mae,r2,kendall_tau,kendall_tau_pvalue
MLM CLint,2992,748,0.44407660182190545,0.3193478173201986,0.6219235621428205,0.581671922974182,3.277367335812297e-125
