target,n_train,n_val,rmse,mae,r2,kendall_tau,kendall_tau_pvalue
HLM CLint,2995,745,0.467513220610535,0.3569818557747109,0.5001019937042794,0.5445883888771659,6.497641694985154e-109
