target,n_train,n_val,rmse,mae,r2,kendall_tau,kendall_tau_pvalue
MLM CLint,2992,748,0.44982958717023797,0.3229899282513628,0.5986074647224114,0.5918375051126288,1.3799667874922926e-129
