target,rmse,mae,r2,kendall_tau,kendall_tau_pvalue
HLM CLint,0.47690910170896034,0.37646793839949044,-0.000764919319793611,0.37169256004570234,1.3922827534238652e-37
MLM CLint,0.5741886765926177,0.45201241001027725,-0.3964929988993873,0.2441684913503781,3.604527032697157e-17
