target,n_train,n_val,rmse,mae,r2,kendall_tau,kendall_tau_pvalue
MLM CLint,2992,748,0.4519519566942793,0.3246510651385809,0.6098954304844525,0.6134985004144576,4.367167809327885e-139
