target,n_train,n_val,rmse,mae,r2,kendall_tau,kendall_tau_pvalue
HLM CLint,2994,746,0.4418917835486052,0.33718425258289225,0.4963093837661413,0.5281983684455426,4.246620760818688e-103
