target,n_train,n_val,rmse,mae,r2,kendall_tau,kendall_tau_pvalue
MLM CLint,2992,748,0.4353146055678314,0.31502081957842054,0.6593273367637157,0.6151899181772916,7.937936643352363e-140
