target,n_train,n_val,rmse,mae,r2,kendall_tau,kendall_tau_pvalue
MLM CLint,2992,748,0.4114455891299876,0.3066481569302233,0.639970680295372,0.594769137885679,7.404948231155259e-131
