target,n_train,n_val,rmse,mae,r2,kendall_tau,kendall_tau_pvalue
MLM CLint,2992,748,0.4258240441853675,0.3140651448111475,0.6311842701191177,0.5995603805718812,6.278668251274643e-133
