target,n_train,n_val,rmse,mae,r2,kendall_tau,kendall_tau_pvalue
MLM CLint,2994,746,0.4782906728984154,0.365565385913582,0.591925145134444,0.5489432397852653,2.0504584874572896e-111
