target,n_train,n_val,rmse,mae,r2,kendall_tau,kendall_tau_pvalue
HLM CLint,2992,748,0.42644543157378395,0.3122401612833498,0.5523899695083891,0.569555626279074,1.2638545710878466e-119
