target,n_train,n_val,rmse,mae,r2,kendall_tau,kendall_tau_pvalue
MLM CLint,2992,748,0.4491819139934621,0.3314127765388557,0.6367766376394346,0.6014448692332729,9.28916904029773e-134
