target,n_train,n_val,rmse,mae,r2,kendall_tau,kendall_tau_pvalue
HLM CLint,2992,748,0.4223463250269671,0.31586848718973976,0.5834766843675021,0.5895823589903385,3.276911881796829e-128
