target,n_train,n_val,rmse,mae,r2,kendall_tau,kendall_tau_pvalue
MLM CLint,2993,747,0.4906893860063953,0.3541408542289801,0.6112368715572504,0.5891257587683364,4.3342283341538605e-128
