target,n_train,n_val,rmse,mae,r2,kendall_tau,kendall_tau_pvalue
MLM CLint,2991,749,0.49035238171912104,0.3617531017729164,0.5384478848204217,0.5339486560335779,5.706397350963815e-106
