target,n_train,n_val,rmse,mae,r2,kendall_tau,kendall_tau_pvalue
MLM CLint,2993,747,0.4836878310214847,0.3634359414668497,0.5214899638144679,0.5193666290317103,4.236175709004186e-100
