target,n_train,n_val,rmse,mae,r2,kendall_tau,kendall_tau_pvalue
HLM CLint,2992,748,0.3987145873303958,0.3021243409778009,0.5839113054581068,0.5870011426453563,3.286881046397816e-127
