target,n_train,n_val,rmse,mae,r2,kendall_tau,kendall_tau_pvalue
HLM CLint,2994,746,0.4466525229066438,0.33538106458664313,0.4515801148777119,0.5038751593526711,6.361264466048945e-94
