target,n_train,n_val,rmse,mae,r2,kendall_tau,kendall_tau_pvalue
MLM CLint,2992,748,0.46311411157981053,0.3356885615678884,0.5878451896608062,0.5931141266456004,4.109615693217254e-130
