target,n_train,n_val,rmse,mae,r2,kendall_tau,kendall_tau_pvalue
MLM CLint,2993,747,0.4392884265716983,0.32907294489111183,0.542982609100588,0.5115652119360882,3.5783934255092107e-97
