target,n_train,n_val,rmse,mae,r2,kendall_tau,kendall_tau_pvalue
HLM CLint,2999,741,0.48685139388131304,0.3673480443497833,0.444144038269503,0.4832071954230993,5.498535353471303e-86
