target,n_train,n_val,rmse,mae,r2,kendall_tau,kendall_tau_pvalue
MLM CLint,2982,758,0.4767352640457977,0.35673753707925127,0.5486282301889054,0.5379530833287014,8.299487245651234e-109
